SELECT ENAME,LOC
  2  FROM EMP,DEPT
  3  WHERE EMP.DEPTNO=DEPT.DEPTNO;

ENAME      LOC                                                                  
---------- -------------                                                        
SMITH      DALLAS                                                               
ALLEN      CHICAGO                                                              
WARD       CHICAGO                                                              
JONES      DALLAS                                                               
MARTIN     CHICAGO                                                              
BLAKE      CHICAGO                                                              
CLARK      NEW YORK                                                             
SCOTT      DALLAS                                                               
KING       NEW YORK                                                             
TURNER     CHICAGO                                                              
ADAMS      DALLAS                                                               

ENAME      LOC                                                                  
---------- -------------                                                        
JAMES      CHICAGO                                                              
FORD       DALLAS                                                               
MILLER     NEW YORK                                                             

14 rows selected.

SQL> SET PAGES 100 LINES 100
SQL> SELECT DNAME,SAL
  2  FROM EMP,DEPT
  3  WHERE EMP.DEPTNO=DEPT.DEPTNO AND DNAME='ACCOUNTING';

DNAME                 SAL                                                                           
-------------- ----------                                                                           
ACCOUNTING           2450                                                                           
ACCOUNTING          10000                                                                           
ACCOUNTING           1300                                                                           

SQL> SELECT DNAME,SAL*12 AS "ANNUAL SALARY"
  2  FROM EMP,DEPT
  3  WHERE EMP.DEPTNO=DEPT.DEPTNO AND SAL>2340;

DNAME          ANNUAL SALARY                                                                        
-------------- -------------                                                                        
RESEARCH               35700                                                                        
SALES                  34200                                                                        
ACCOUNTING             29400                                                                        
RESEARCH               36000                                                                        
ACCOUNTING            120000                                                                        
RESEARCH               36000                                                                        

6 rows selected.

SQL> SELECT ENAME,DNAME
  2  FROM DEPT,EMP
  3  WHERE DEPT.DEPTNO=EMP.DEPTNO AND DNAME LIKE '%A%';

ENAME      DNAME                                                                                    
---------- --------------                                                                           
SMITH      RESEARCH                                                                                 
ALLEN      SALES                                                                                    
WARD       SALES                                                                                    
JONES      RESEARCH                                                                                 
MARTIN     SALES                                                                                    
BLAKE      SALES                                                                                    
CLARK      ACCOUNTING                                                                               
SCOTT      RESEARCH                                                                                 
KING       ACCOUNTING                                                                               
TURNER     SALES                                                                                    
ADAMS      RESEARCH                                                                                 
JAMES      SALES                                                                                    
FORD       RESEARCH                                                                                 
MILLER     ACCOUNTING                                                                               

14 rows selected.

SQL> SELECT ENAME,DNAME
  2  FROM EMP,DEPT
  3  WHERE EMP.DEPTNO=DEPT.DEPTNO AND JOB = 'SALESMAN';

ENAME      DNAME                                                                                    
---------- --------------                                                                           
ALLEN      SALES                                                                                    
WARD       SALES                                                                                    
MARTIN     SALES                                                                                    
TURNER     SALES                                                                                    

SQL> SELECT DNAME,JOB
  2  FROM EMP,DEPT
  3  WHERE EMP.DEPTNO=DEPT.DEPTNO AND JOB LIKE 'S%' AND DNAME LIKE 'S%';

DNAME          JOB                                                                                  
-------------- ---------                                                                            
SALES          SALESMAN                                                                             
SALES          SALESMAN                                                                             
SALES          SALESMAN                                                                             
SALES          SALESMAN                                                                             

SQL> SELECT DNAME,MGR
  2  FROM EMP,DEPT
  3  WHERE EMP.DEPTNO=DEPT.DEPTNO AND MGR = 7839;

DNAME                 MGR                                                                           
-------------- ----------                                                                           
RESEARCH             7839                                                                           
SALES                7839                                                                           
ACCOUNTING           7839                                                                           


SQL> ED
Wrote file afiedt.buf

  1  SELECT DNAME,HIREDATE
  2  FROM EMP,DEPT
  3* WHERE EMP.DEPTNO=DEPT.DEPTNO AND HIREDATE> '31-DEC-1983' AND JOB IN ('ACCOUNTING','RESEARCH')
SQL> /

no rows selected

SQL> SELECT ENAME,DNAME
  2  FROM EMP,DEPT
  3  WHERE EMP.DEPTNO=DEPT.DEPTNO AND EMP.DEPTNO IN (10,20) AND COMM IS NOT NULL;

no rows selected

SQL> ED
Wrote file afiedt.buf

  1  SELECT ENAME,DNAME
  2  FROM EMP,DEPT
  3* WHERE EMP.DEPTNO=DEPT.DEPTNO AND EMP.DEPTNO IN (10,30) AND COMM IS NOT NULL
SQL> /

ENAME      DNAME                                                                                    
---------- --------------                                                                           
ALLEN      SALES                                                                                    
WARD       SALES                                                                                    
MARTIN     SALES                                                                                    
TURNER     SALES                                                                                    

SQL> SELECT EMPNO,DNAME
  2  FROM EMP
  3  
SQL> 
SQL> SELECT EMPNO,DNAME
  2  FROM EMP,DEPT
  3  WHERE EMPNO IN (7839,7902) AND LOC = 'NEW YORK';

     EMPNO DNAME                                                                                    
---------- --------------                                                                           
      7839 ACCOUNTING                                                                               
      7902 ACCOUNTING                                                                               

SQL> SPOOL OFF
